{
  "project_info": {
    "project_number": "406561052453",
    "firebase_url": "https://veganapp-56822.firebaseio.com",
    "project_id": "veganapp-56822",
    "storage_bucket": "veganapp-56822.appspot.com"
  },
  "client": [
    {
      "client_info": {
        "mobilesdk_app_id": "1:406561052453:android:9f111fd5d47fdb30",
        "android_client_info": {
          "package_name": "com.example.veganapp"
        }
      },
      "oauth_client": [
        {
          "client_id": "406561052453-n8kt1f79mcihr9made1g5p16odqlnmc5.apps.googleusercontent.com",
          "client_type": 3
        }
      ],
      "api_key": [
        {
          "current_key": "AIzaSyBWa2JVBGld_jUAzYM60il8GXeFM_flfOE"
        }
      ],
      "services": {
        "appinvite_service": {
          "other_platform_oauth_client": [
            {
              "client_id": "406561052453-n8kt1f79mcihr9made1g5p16odqlnmc5.apps.googleusercontent.com",
              "client_type": 3
            },
            {
              "client_id": "406561052453-cib3l9u2qje8q6po3h3rev6orti5013j.apps.googleusercontent.com",
              "client_type": 2,
              "ios_info": {
                "bundle_id": "com.tssadykov.VeganApp"
              }
            }
          ]
        }
      }
    }
  ],
  "configuration_version": "1"
}